{
  "providerId": "Microsoft.Tools.ServiceModel.Svcutil",
  "version": "2.0.1",
  "options": {
    "inputs": [
      "http://127.0.0.1:5000/Service"
    ],
    "namespaceMappings": [
      "*, ServiceReference"
    ],
    "outputFile": "Reference.cs",
    "references": [
      "Microsoft.Extensions.DependencyInjection, {Microsoft.Extensions.DependencyInjection, 3.1.8}",
      "Microsoft.Extensions.DependencyInjection.Abstractions, {Microsoft.Extensions.DependencyInjection.Abstractions, 3.1.8}",
      "NLog, {NLog, 4.7.4}"
    ],
    "sync": true,
    "targetFramework": "netcoreapp3.1",
    "typeReuseMode": "All"
  }
}